-- phpMyAdmin SQL Dump
-- version 4.8.5
-- https://www.phpmyadmin.net/
--
-- Хост: 127.0.0.1:3306
-- Время создания: Апр 14 2020 г., 02:16
-- Версия сервера: 5.6.43
-- Версия PHP: 5.6.38

SET SQL_MODE = "NO_AUTO_VALUE_ON_ZERO";
SET AUTOCOMMIT = 0;
START TRANSACTION;
SET time_zone = "+00:00";


/*!40101 SET @OLD_CHARACTER_SET_CLIENT=@@CHARACTER_SET_CLIENT */;
/*!40101 SET @OLD_CHARACTER_SET_RESULTS=@@CHARACTER_SET_RESULTS */;
/*!40101 SET @OLD_COLLATION_CONNECTION=@@COLLATION_CONNECTION */;
/*!40101 SET NAMES utf8mb4 */;

--
-- База данных: `startup`
--

-- --------------------------------------------------------

--
-- Структура таблицы `authors`
--

CREATE TABLE `authors` (
  `id` int(11) UNSIGNED NOT NULL,
  `project_id` int(11) NOT NULL,
  `fio` varchar(255) NOT NULL,
  `role` varchar(255) NOT NULL,
  `experience` text
) ENGINE=InnoDB DEFAULT CHARSET=utf8;

--
-- Дамп данных таблицы `authors`
--

INSERT INTO `authors` (`id`, `project_id`, `fio`, `role`, `experience`) VALUES
(1, 1, 'Иванов Иван Иванович', 'Главный', 'Это достаточно маленький текст, оптимально подходящий для карточек товаров в интернет-магазинах или для небольших информационных публикаций.'),
(2, 2, 'Иванов Иван Иванович', 'Главный', ''),
(3, 3, 'Иванов Иван Иванович', 'Главный', ''),
(4, 4, 'Никитин Федор Николаевич', 'Директор', '');

-- --------------------------------------------------------

--
-- Структура таблицы `business_model`
--

CREATE TABLE `business_model` (
  `id` int(11) UNSIGNED NOT NULL,
  `confirm_mvp_id` int(11) NOT NULL,
  `relations` varchar(255) NOT NULL,
  `partners` varchar(255) NOT NULL,
  `distribution_of_sales` varchar(255) NOT NULL,
  `resources` varchar(255) NOT NULL,
  `cost` varchar(255) NOT NULL,
  `revenue` varchar(255) NOT NULL
) ENGINE=InnoDB DEFAULT CHARSET=utf8;

--
-- Дамп данных таблицы `business_model`
--

INSERT INTO `business_model` (`id`, `confirm_mvp_id`, `relations`, `partners`, `distribution_of_sales`, `resources`, `cost`, `revenue`) VALUES
(1, 1, 'Взаимоотношения с клиентами', 'Ключевые партнеры', 'Ключевые партнеры', 'Ключевые партнеры', 'Ключевые партнеры', 'Ключевые партнеры'),
(2, 4, 'Взаимоотношения с клиентами', 'Ключевые партнеры', 'Каналы коммуникации и сбыта', 'Ключевые ресурсы', 'Структура издержек', 'Потоки поступления доходов'),
(3, 7, 'Взаимоотношения с клиентами', 'Ключевые партнеры', 'Каналы коммуникации и сбыта', 'Ключевые ресурсы', 'Структура издержек', '\r\nПотоки поступления доходов\r\n'),
(4, 8, 'Взаимоотношения с клиентами', '\r\nКлючевые партнеры\r\n', 'Каналы коммуникации и сбыта', 'Ключевые ресурсы', 'Структура издержек', 'Потоки поступления доходов');

-- --------------------------------------------------------

--
-- Структура таблицы `confirm_gcp`
--

CREATE TABLE `confirm_gcp` (
  `id` int(11) UNSIGNED NOT NULL,
  `gcp_id` int(11) NOT NULL,
  `count_respond` int(11) NOT NULL,
  `count_positive` int(11) NOT NULL
) ENGINE=InnoDB DEFAULT CHARSET=utf8;

--
-- Дамп данных таблицы `confirm_gcp`
--

INSERT INTO `confirm_gcp` (`id`, `gcp_id`, `count_respond`, `count_positive`) VALUES
(1, 1, 2, 2),
(2, 3, 1, 1),
(3, 4, 1, 1),
(4, 5, 1, 1),
(5, 7, 4, 3),
(6, 9, 2, 2),
(7, 11, 2, 2),
(8, 12, 2, 1);

-- --------------------------------------------------------

--
-- Структура таблицы `confirm_mvp`
--

CREATE TABLE `confirm_mvp` (
  `id` int(11) UNSIGNED NOT NULL,
  `mvp_id` int(11) NOT NULL,
  `count_respond` int(11) NOT NULL,
  `count_positive` int(11) NOT NULL
) ENGINE=InnoDB DEFAULT CHARSET=utf8;

--
-- Дамп данных таблицы `confirm_mvp`
--

INSERT INTO `confirm_mvp` (`id`, `mvp_id`, `count_respond`, `count_positive`) VALUES
(1, 1, 2, 2),
(2, 3, 1, 1),
(3, 4, 1, 1),
(4, 2, 2, 1),
(5, 5, 2, 1),
(6, 6, 3, 2),
(7, 8, 3, 2),
(8, 9, 3, 2),
(9, 11, 2, 2),
(10, 12, 2, 2),
(11, 13, 2, 2),
(12, 14, 2, 2);

-- --------------------------------------------------------

--
-- Структура таблицы `confirm_problem`
--

CREATE TABLE `confirm_problem` (
  `id` int(11) UNSIGNED NOT NULL,
  `gps_id` int(11) NOT NULL,
  `count_respond` int(11) NOT NULL,
  `count_positive` int(11) NOT NULL
) ENGINE=InnoDB DEFAULT CHARSET=utf8;

--
-- Дамп данных таблицы `confirm_problem`
--

INSERT INTO `confirm_problem` (`id`, `gps_id`, `count_respond`, `count_positive`) VALUES
(1, 1, 2, 2),
(2, 2, 2, 2),
(3, 3, 2, 1),
(4, 4, 2, 1),
(5, 11, 1, 1),
(6, 12, 1, 1),
(7, 16, 5, 4),
(8, 17, 2, 2),
(9, 18, 2, 2),
(10, 20, 3, 2),
(12, 60, 2, 2),
(13, 65, 2, 2),
(14, 67, 2, 2),
(15, 68, 2, 2),
(16, 5, 1, 1),
(17, 6, 1, 1),
(18, 7, 1, 1),
(19, 70, 2, 1),
(20, 71, 2, 1),
(21, 72, 2, 2),
(22, 73, 2, 1),
(23, 74, 2, 2),
(24, 75, 2, 1);

-- --------------------------------------------------------

--
-- Структура таблицы `desc_interview`
--

CREATE TABLE `desc_interview` (
  `id` int(11) UNSIGNED NOT NULL,
  `respond_id` int(11) NOT NULL,
  `date_fact` date NOT NULL,
  `description` text NOT NULL,
  `interview_file` varchar(255) DEFAULT NULL,
  `server_file` varchar(255) DEFAULT NULL,
  `result` varchar(255) NOT NULL,
  `status` enum('0','1') NOT NULL DEFAULT '0'
) ENGINE=InnoDB DEFAULT CHARSET=utf8;

--
-- Дамп данных таблицы `desc_interview`
--

INSERT INTO `desc_interview` (`id`, `respond_id`, `date_fact`, `description`, `interview_file`, `server_file`, `result`, `status`) VALUES
(1, 1, '2020-03-06', 'Материалы полученные во время интервью', 'Бизнес требования для сервиса Акселератор.docx', 'OoPAFuKxxnucWdt.docx', 'Вывод', '1'),
(2, 2, '2020-03-06', 'Материалы полученные во время интервью', NULL, NULL, 'Вывод', '1'),
(3, 3, '2020-03-23', 'Материалы, полученные во время интервью', NULL, NULL, 'Вывод', '0'),
(4, 10, '2020-03-24', 'Материалы, полученные во время интервью', NULL, NULL, 'Вывод', '0'),
(5, 5, '2020-03-24', 'Материалы, полученные во время интервью', '200220Описание этапов для 1 стр_3.docx', 'A2m9cai-5uRRWb_.docx', 'Вывод', '1'),
(6, 7, '2020-03-24', 'Материалы, полученные во время интервью', NULL, NULL, 'Вывод', '0'),
(7, 14, '2020-03-31', 'материалы', NULL, NULL, 'вывод', '1'),
(8, 15, '2020-03-31', 'атериалы', NULL, NULL, 'вывод', '0'),
(9, 16, '2020-04-07', 'Материалы, полученные во время интервью', NULL, NULL, 'Вывод', '1'),
(10, 17, '2020-04-07', 'Материалы, полученные во время интервью', NULL, NULL, 'Вывод', '1'),
(11, 19, '2020-04-10', 'Материалы, полученные во время интервью', '200220Описание этапов для 1 стр_3.docx', 'ZNQgEQD9IoicB3w.docx', 'Вывод', '1'),
(12, 20, '2020-04-10', 'Материалы, полученные во время интервью', NULL, NULL, 'Вывод', '1'),
(13, 21, '2020-04-10', 'Материалы, полученные во время интервью', NULL, NULL, 'Вывод', '1'),
(14, 22, '2020-04-11', 'Материалы, полученные во время интервью', NULL, NULL, 'Вывод', '1'),
(15, 23, '2020-04-11', 'Материалы, полученные во время интервью', NULL, NULL, 'Вывод', '0'),
(16, 24, '2020-04-11', 'Материалы, полученные во время интервью', NULL, NULL, 'Вывод', '1'),
(17, 30, '2020-04-14', 'Материалы, полученные во время интервью', NULL, NULL, 'Вывод', '1'),
(18, 31, '2020-04-14', 'Материалы, полученные во время интервью', NULL, NULL, 'Вывод', '1');

-- --------------------------------------------------------

--
-- Структура таблицы `desc_interview_confirm`
--

CREATE TABLE `desc_interview_confirm` (
  `id` int(11) UNSIGNED NOT NULL,
  `responds_confirm_id` int(11) NOT NULL,
  `date_fact` date NOT NULL,
  `status` enum('0','1') NOT NULL DEFAULT '0'
) ENGINE=InnoDB DEFAULT CHARSET=utf8;

--
-- Дамп данных таблицы `desc_interview_confirm`
--

INSERT INTO `desc_interview_confirm` (`id`, `responds_confirm_id`, `date_fact`, `status`) VALUES
(1, 1, '2020-03-06', '1'),
(2, 2, '2020-03-06', '1'),
(3, 5, '2020-03-07', '1'),
(4, 10, '2020-03-31', '1'),
(5, 11, '2020-04-10', '1'),
(6, 12, '2020-04-10', '1'),
(7, 13, '2020-04-10', '1'),
(8, 14, '2020-04-10', '0'),
(9, 15, '2020-04-10', '1'),
(10, 18, '2020-04-10', '1'),
(11, 19, '2020-04-10', '1'),
(12, 25, '2020-04-12', '1'),
(13, 26, '2020-04-12', '1'),
(14, 27, '2020-04-13', '1'),
(15, 28, '2020-04-13', '1'),
(16, 33, '2020-04-14', '1'),
(17, 38, '2020-04-14', '1'),
(18, 42, '2020-04-14', '1');

-- --------------------------------------------------------

--
-- Структура таблицы `desc_interview_gcp`
--

CREATE TABLE `desc_interview_gcp` (
  `id` int(11) UNSIGNED NOT NULL,
  `responds_gcp_id` int(11) NOT NULL,
  `date_fact` date NOT NULL,
  `status` enum('0','1') NOT NULL DEFAULT '0'
) ENGINE=InnoDB DEFAULT CHARSET=utf8;

--
-- Дамп данных таблицы `desc_interview_gcp`
--

INSERT INTO `desc_interview_gcp` (`id`, `responds_gcp_id`, `date_fact`, `status`) VALUES
(1, 1, '2020-03-06', '1'),
(2, 2, '2020-03-06', '1'),
(3, 4, '2020-03-07', '1'),
(4, 6, '2020-04-10', '1'),
(5, 7, '2020-04-10', '1'),
(6, 8, '2020-04-10', '1'),
(7, 9, '2020-04-10', '0'),
(8, 10, '2020-04-10', '1'),
(9, 11, '2020-04-10', '1'),
(10, 12, '2020-04-12', '1'),
(11, 13, '2020-04-12', '1');

-- --------------------------------------------------------

--
-- Структура таблицы `desc_interview_mvp`
--

CREATE TABLE `desc_interview_mvp` (
  `id` int(11) UNSIGNED NOT NULL,
  `responds_mvp_id` int(11) NOT NULL,
  `date_fact` date NOT NULL,
  `status` int(11) NOT NULL
) ENGINE=InnoDB DEFAULT CHARSET=utf8;

--
-- Дамп данных таблицы `desc_interview_mvp`
--

INSERT INTO `desc_interview_mvp` (`id`, `responds_mvp_id`, `date_fact`, `status`) VALUES
(1, 1, '2020-03-06', 2),
(2, 2, '2020-03-06', 2),
(3, 4, '2020-03-15', 2),
(4, 5, '2020-03-23', 2),
(5, 9, '2020-04-10', 2),
(6, 10, '2020-04-10', 0),
(7, 11, '2020-04-10', 0),
(8, 12, '2020-04-10', 2),
(9, 13, '2020-04-10', 0),
(10, 14, '2020-04-10', 2),
(11, 15, '2020-04-10', 2),
(12, 16, '2020-04-10', 0),
(13, 17, '2020-04-10', 2);

-- --------------------------------------------------------

--
-- Структура таблицы `feedback_expert`
--

CREATE TABLE `feedback_expert` (
  `id` int(11) UNSIGNED NOT NULL,
  `interview_id` int(11) NOT NULL,
  `title` varchar(255) NOT NULL,
  `name` varchar(255) NOT NULL,
  `position` varchar(255) DEFAULT NULL,
  `feedback_file` varchar(255) DEFAULT NULL,
  `server_file` varchar(255) DEFAULT NULL,
  `comment` varchar(255) NOT NULL,
  `date_feedback` date NOT NULL
) ENGINE=InnoDB DEFAULT CHARSET=utf8;

--
-- Дамп данных таблицы `feedback_expert`
--

INSERT INTO `feedback_expert` (`id`, `interview_id`, `title`, `name`, `position`, `feedback_file`, `server_file`, `comment`, `date_feedback`) VALUES
(1, 1, 'Отзыв 1', 'Новиков Андрей Борисович', 'Организация/Должность', '200220Описание этапов для 1 стр_3.docx', '3llJpDRK3woCx9I.docx', 'Комментарий', '2020-03-25'),
(2, 1, 'Отзыв 2', 'Антонов Юрий Николаевич', 'Организация/Должность', 'Афиша 2010-2019гг..doc', 'vUUymY_dsZPTmdF.doc', 'Комментарий', '2020-03-25'),
(3, 1, 'Отзыв 3', 'Тюрикова Ирина Юрьевна', 'Организация/Должность', '051119_Дизайн_акселератора.xlsx', 'FtgQ5PXeBg3IU_c.xlsx', 'Комментарий', '2020-03-25'),
(4, 1, 'Отзыв 4', 'Маркелова Ирина Юрьевна', 'Организация/Должность', 'Бизнес требования для сервиса Акселератор.docx', 'MPVBY503VAaSNJf.docx', 'Комментарий', '2020-03-25'),
(5, 1, 'Отзыв 5', 'Лошкин Тимур Багданович', 'Организация/Должность', '200220Описание этапов для 1 стр_3.docx', 'wPWKjNk6Wl2Mb7z.docx', 'Комментарий', '2020-03-25'),
(6, 5, 'Отзыв 1', 'Новиков Андрей Борисович', 'Организация/Должность', NULL, NULL, 'Комментарий', '2020-04-10'),
(7, 5, 'Отзыв 2', 'Лошкин Тимур Багданович', 'Организация/Должность', NULL, NULL, 'Комментарий', '2020-04-11'),
(8, 5, 'Отзыв 3', 'Антонов Юрий Николаевич', 'Организация/Должность', NULL, NULL, 'Комментарий', '2020-04-11'),
(9, 5, 'Отзыв 4', 'Маркелова Ирина Юрьевна', 'Организация/Должность', NULL, NULL, 'Комментарий', '2020-04-11'),
(10, 5, 'Отзыв 5', 'Пулеметов Андрей Павлович', 'Организация/Должность', NULL, NULL, 'Комментарий', '2020-04-11'),
(11, 6, 'Отзыв 1', 'Новиков Андрей Борисович', 'Организация/Должность', NULL, NULL, 'Комментарий', '2020-04-13'),
(12, 6, 'Отзыв 2', 'Пулеметов Андрей Павлович', 'Организация/Должность', NULL, NULL, 'Комментарий', '2020-04-13'),
(13, 6, 'Отзыв 3', 'Антонов Юрий Николаевич', 'Организация/Должность', NULL, NULL, 'Комментарий', '2020-04-13'),
(14, 6, 'Отзыв 4', 'Лошкин Тимур Багданович', 'Организация/Должность', NULL, NULL, 'Комментарий', '2020-04-13'),
(15, 2, 'Отзыв 1', 'Пулеметов Андрей Павлович', 'Организация/Должность', NULL, NULL, 'Комментарий', '2020-04-14'),
(16, 8, 'Отзыв 1', 'Пулеметов Андрей Павлович', 'Организация/Должность', NULL, NULL, 'Комментарий', '2020-04-14'),
(17, 8, 'Отзыв 2', 'Новиков Андрей Борисович', 'Организация/Должность', NULL, NULL, 'Комментарий', '2020-04-14'),
(18, 8, 'Отзыв 3', 'Лошкин Тимур Багданович', 'Организация/Должность', NULL, NULL, 'Комментарий', '2020-04-14');

-- --------------------------------------------------------

--
-- Структура таблицы `feedback_expert_confirm`
--

CREATE TABLE `feedback_expert_confirm` (
  `id` int(11) UNSIGNED NOT NULL,
  `confirm_problem_id` int(11) NOT NULL,
  `title` varchar(255) NOT NULL,
  `name` varchar(255) NOT NULL,
  `position` varchar(255) DEFAULT NULL,
  `feedback_file` varchar(255) DEFAULT NULL,
  `server_file` varchar(255) DEFAULT NULL,
  `comment` varchar(255) NOT NULL,
  `date_feedback` date NOT NULL
) ENGINE=InnoDB DEFAULT CHARSET=utf8;

--
-- Дамп данных таблицы `feedback_expert_confirm`
--

INSERT INTO `feedback_expert_confirm` (`id`, `confirm_problem_id`, `title`, `name`, `position`, `feedback_file`, `server_file`, `comment`, `date_feedback`) VALUES
(1, 1, 'Отзыв 1', 'Борисов Николай Петрович', 'Организация / Должность', 'Бизнес требования для сервиса Акселератор.docx', 'BHdRKqwzs6hqC1M.docx', 'Комментарий к отзыву', '2020-03-28');

-- --------------------------------------------------------

--
-- Структура таблицы `feedback_expert_gcp`
--

CREATE TABLE `feedback_expert_gcp` (
  `id` int(11) UNSIGNED NOT NULL,
  `confirm_gcp_id` int(11) NOT NULL,
  `title` varchar(255) NOT NULL,
  `name` varchar(255) NOT NULL,
  `position` varchar(255) DEFAULT NULL,
  `feedback_file` varchar(255) DEFAULT NULL,
  `server_file` varchar(255) DEFAULT NULL,
  `comment` varchar(255) NOT NULL,
  `date_feedback` date NOT NULL
) ENGINE=InnoDB DEFAULT CHARSET=utf8;

--
-- Дамп данных таблицы `feedback_expert_gcp`
--

INSERT INTO `feedback_expert_gcp` (`id`, `confirm_gcp_id`, `title`, `name`, `position`, `feedback_file`, `server_file`, `comment`, `date_feedback`) VALUES
(1, 1, 'Отзыв 1', 'Архипов Николай Петрович', 'ННГУ им.Лобачевского / эсперт', '200220Описание этапов для 1 стр_3.docx', 'pbjusDCaDj242BU.docx', 'Комментарий к отзыву', '2020-03-28');

-- --------------------------------------------------------

--
-- Структура таблицы `feedback_expert_mvp`
--

CREATE TABLE `feedback_expert_mvp` (
  `id` int(11) UNSIGNED NOT NULL,
  `confirm_mvp_id` int(11) NOT NULL,
  `title` varchar(255) NOT NULL,
  `name` varchar(255) NOT NULL,
  `position` varchar(255) DEFAULT NULL,
  `feedback_file` varchar(255) DEFAULT NULL,
  `server_file` varchar(255) DEFAULT NULL,
  `comment` varchar(255) NOT NULL,
  `date_feedback` date NOT NULL
) ENGINE=InnoDB DEFAULT CHARSET=utf8;

--
-- Дамп данных таблицы `feedback_expert_mvp`
--

INSERT INTO `feedback_expert_mvp` (`id`, `confirm_mvp_id`, `title`, `name`, `position`, `feedback_file`, `server_file`, `comment`, `date_feedback`) VALUES
(1, 1, 'Отзыв 1', 'Николаев Борис Борисович', 'ООО \"Главбух\"', '051119_Дизайн_акселератора.xlsx', 'dLsoaNjv-_PzPQb.xlsx', 'Комментарий к отзыву', '2020-03-28');

-- --------------------------------------------------------

--
-- Структура таблицы `gcp`
--

CREATE TABLE `gcp` (
  `id` int(11) UNSIGNED NOT NULL,
  `confirm_problem_id` int(11) UNSIGNED NOT NULL,
  `title` varchar(255) NOT NULL,
  `good` varchar(255) NOT NULL,
  `benefit` varchar(255) NOT NULL,
  `contrast` varchar(255) NOT NULL,
  `description` text NOT NULL,
  `date_create` date DEFAULT NULL,
  `date_time_create` datetime DEFAULT NULL,
  `date_confirm` date DEFAULT NULL,
  `date_time_confirm` datetime DEFAULT NULL,
  `exist_confirm` int(11) DEFAULT NULL
) ENGINE=InnoDB DEFAULT CHARSET=utf8;

--
-- Дамп данных таблицы `gcp`
--

INSERT INTO `gcp` (`id`, `confirm_problem_id`, `title`, `good`, `benefit`, `contrast`, `description`, `date_create`, `date_time_create`, `date_confirm`, `date_time_confirm`, `exist_confirm`) VALUES
(1, 1, 'ГЦП 1', 'Продукт 1', 'выгода', 'продукт 2', 'Наш продукт продукт 1 помогает сегмент 1, который хочет удовлетворить проблему напишите описание гипотезы проблемы сегмента, избавиться от проблемы(или снизить её) и позволяет получить выгоду в виде, выгода, в отличии от продукт 2.', '2020-03-06', '2020-03-06 12:29:20', '2020-03-06', '2020-03-06 12:30:11', 1),
(2, 1, 'ГЦП 2', 'Interbink', 'выгода', 'продукт2', 'Наш продукт interbink помогает сегмент 1, который хочет удовлетворить проблему напишите описание гипотезы проблемы сегмента, избавиться от проблемы(или снизить её) и позволяет получить выгоду в виде, выгода, в отличии от продукт2.', '2020-03-06', '2020-03-06 12:29:37', NULL, NULL, NULL),
(3, 3, 'ГЦП 1', 'Продукт 1', 'выгода', 'продукт 2', 'Наш продукт продукт 1 помогает сегмент 1, который хочет удовлетворить проблему напишите описание гипотезы проблемы сегмента, избавиться от проблемы(или снизить её) и позволяет получить выгоду в виде, выгода, в отличии от продукт 2.', '2020-03-07', '2020-03-07 17:16:33', '2020-03-15', NULL, 0),
(4, 3, 'ГЦП 2', 'Продукт 1', 'выгода', 'продукт 2', 'Наш продукт продукт 1 помогает сегмент 1, который хочет удовлетворить проблему напишите описание гипотезы проблемы сегмента, избавиться от проблемы(или снизить её) и позволяет получить выгоду в виде, выгода\", в отличии от продукт 2.', '2020-03-07', '2020-03-07 17:16:57', '2020-03-07', '2020-03-07 17:18:20', 1),
(5, 3, 'ГЦП 3', 'Продукт 1', 'выгода', 'продукт 2', 'Наш продукт продукт 1 помогает сегмент 1, который хочет удовлетворить проблему напишите описание гипотезы проблемы сегмента, избавиться от проблемы(или снизить её) и позволяет получить выгоду в виде, выгода, в отличии от продукт 2.', '2020-03-15', '2020-03-15 16:48:20', '2020-03-15', NULL, 0),
(6, 1, 'ГЦП 3', 'Продукт 1', 'выгода', 'продукт 2', 'Наш продукт продукт 1 помогает сегмент 1, который хочет удовлетворить проблему 1 напишите описание гипотезы проблемы сегмента, избавиться от проблемы(или снизить её) и позволяет получить выгоду в виде, выгода, в отличии от продукт 2.', '2020-03-16', '2020-03-16 16:07:29', NULL, NULL, NULL),
(7, 7, 'ГЦП 1', 'Interbink', 'выгода', 'продукт 2', 'Наш продукт interbink помогает сегмент 1 (это max возможная длина для названия), который хочет удовлетворить проблему напишите описание гипотезы проблемы сегмента, избавиться от проблемы(или снизить её) и позволяет получить выгоду в виде, выгода, в отличии от продукт 2.', '2020-04-10', '2020-04-10 14:12:47', '2020-04-10', '2020-04-10 16:28:16', 1),
(8, 7, 'ГЦП 2', 'Продукт 1', 'выгода', 'продукт 2', 'Наш продукт продукт 1 помогает сегмент 1 (это max возможная длина для названия), который хочет удовлетворить проблему напишите описание гипотезы проблемы сегмента, избавиться от проблемы(или снизить её) и позволяет получить выгоду в виде, выгода, в отличии от продукт 2.', '2020-04-10', '2020-04-10 14:28:26', NULL, NULL, NULL),
(9, 9, 'ГЦП 1', 'Interbink', 'выгода', 'продукт 2', 'Наш продукт interbink помогает сегмент 1 (это max возможная длина для названия), который хочет удовлетворить проблему напишите описание гипотезы проблемы сегмента, избавиться от проблемы(или снизить её) и позволяет получить выгоду в виде, выгода, в отличии от продукт 2.', '2020-04-10', '2020-04-10 18:51:00', '2020-04-10', '2020-04-10 18:53:09', 1),
(10, 9, 'ГЦП 2', 'Продукт 1', 'выгода', 'продукт 2', 'Наш продукт продукт 1 помогает сегмент 1 (это max возможная длина для названия), который хочет удовлетворить проблему напишите описание гипотезы проблемы сегмента, избавиться от проблемы(или снизить её) и позволяет получить выгоду в виде, выгода, в отличии от продукт 2.', '2020-04-10', '2020-04-10 19:19:54', NULL, NULL, NULL),
(11, 12, 'ГЦП 1', 'Interbink', 'выгода', 'продукт', 'Наш продукт interbink помогает сегмент 2, который хочет удовлетворить проблему напишите описание гипотезы проблемы сегмента напишите описание гипотезы проблемы сегмента напишите описание гипотезы проблемы сегмента напишите описание гипотезы проблемы сегмента напишите описание гипотезы проблемы сегмента, избавиться от проблемы(или снизить её) и позволяет получить выгоду в виде, выгода, в отличии от продукт.', '2020-04-12', '2020-04-12 16:19:31', '2020-04-12', '2020-04-12 16:21:10', 1),
(12, 12, 'ГЦП 2', 'Новый товар', 'выгода', 'продукт', 'Наш продукт новый товар помогает сегмент 2, который хочет удовлетворить проблему напишите описание гипотезы проблемы сегмента напишите описание гипотезы проблемы сегмента напишите описание гипотезы проблемы сегмента напишите описание гипотезы проблемы сегмента напишите описание гипотезы проблемы сегмента, избавиться от проблемы(или снизить её) и позволяет получить выгоду в виде, выгода, в отличии от продукт.', '2020-04-12', '2020-04-12 17:29:18', NULL, NULL, NULL),
(13, 12, 'ГЦП 3', 'Новый продукт', 'выгода', 'продукт 2', 'Наш продукт новый продукт помогает сегмент 2, который хочет удовлетворить проблему напишите описание гипотезы проблемы сегмента напишите описание гипотезы проблемы сегмента напишите описание гипотезы проблемы сегмента напишите описание гипотезы проблемы сегмента напишите описание гипотезы проблемы сегмента, избавиться от проблемы(или снизить её) и позволяет получить выгоду в виде, выгода, в отличии от продукт 2.', '2020-04-12', '2020-04-12 19:47:56', NULL, NULL, NULL);

-- --------------------------------------------------------

--
-- Структура таблицы `generation_problem`
--

CREATE TABLE `generation_problem` (
  `id` int(11) UNSIGNED NOT NULL,
  `interview_id` int(11) NOT NULL,
  `title` varchar(255) NOT NULL,
  `description` text NOT NULL,
  `date_gps` date NOT NULL,
  `date_confirm` date DEFAULT NULL,
  `date_time_confirm` datetime DEFAULT NULL,
  `exist_confirm` int(11) DEFAULT NULL
) ENGINE=InnoDB DEFAULT CHARSET=utf8;

--
-- Дамп данных таблицы `generation_problem`
--

INSERT INTO `generation_problem` (`id`, `interview_id`, `title`, `description`, `date_gps`, `date_confirm`, `date_time_confirm`, `exist_confirm`) VALUES
(1, 1, 'ГПС 1', '1 Напишите описание гипотезы проблемы сегмента', '2020-03-06', '2020-03-06', '2020-03-06 12:29:02', 1),
(2, 1, 'ГПС 2', '2 Напишите описание гипотезы проблемы сегмента', '2020-03-06', '2020-03-15', NULL, 0),
(3, 1, 'ГПС 3', '3 Напишите описание гипотезы проблемы сегмента', '2020-03-07', '2020-03-07', '2020-03-07 17:15:27', 1),
(4, 1, 'ГПС 4', '4 Напишите описание гипотезы проблемы сегмента', '2020-03-15', NULL, NULL, NULL),
(5, 2, 'ГПС 1', 'Напишите описание гипотезы проблемы сегмента', '2020-03-24', '2020-04-14', '2020-04-14 00:33:13', 1),
(6, 2, 'ГПС 2', 'Напишите описание гипотезы проблемы сегмента', '2020-03-25', '2020-04-14', NULL, 0),
(7, 2, 'ГПС 3', 'Напишите описание гипотезы проблемы сегмента', '2020-03-25', NULL, NULL, NULL),
(8, 2, 'ГПС 4', 'Напишите описание гипотезы проблемы сегмента', '2020-03-25', NULL, NULL, NULL),
(9, 2, 'ГПС 5', 'Напишите описание гипотезы проблемы сегмента', '2020-03-25', NULL, NULL, NULL),
(10, 1, 'ГПС 5', 'Напишите описание гипотезы проблемы сегмента', '2020-03-25', NULL, NULL, NULL),
(11, 3, 'ГПС 1', 'ораорп', '2020-03-31', '2020-03-31', NULL, 0),
(12, 3, 'ГПС 2', 'тплрпо', '2020-03-31', '2020-03-31', '2020-03-31 10:47:54', 1),
(13, 4, 'ГПС 1', 'Напишите описание гипотезы проблемы сегмента', '2020-04-07', NULL, NULL, NULL),
(14, 4, 'ГПС 2', 'Напишите описание гипотезы проблемы сегмента', '2020-04-07', NULL, NULL, NULL),
(15, 4, 'ГПС 3', 'Напишите описание гипотезы проблемы сегмента', '2020-04-07', NULL, NULL, NULL),
(16, 5, 'ГПС 1', 'Напишите описание гипотезы проблемы сегмента Напишите описание гипотезы проблемы сегмента Напишите описание гипотезы проблемы сегмента Напишите описание гипотезы проблемы сегмента Напишите описание гипотезы проблемы сегмента', '2020-04-10', '2020-04-10', '2020-04-10 14:10:34', 1),
(17, 5, 'ГПС 2', 'Напишите описание гипотезы проблемы сегмента Напишите описание гипотезы проблемы сегмента Напишите описание гипотезы проблемы сегмента Напишите описание гипотезы проблемы сегмента Напишите описание гипотезы проблемы сегмента', '2020-04-10', '2020-04-10', NULL, 0),
(18, 5, 'ГПС 3', 'Напишите описание гипотезы проблемы сегмента', '2020-04-10', '2020-04-10', '2020-04-10 18:50:44', 1),
(19, 5, 'ГПС 4', 'Напишите описание гипотезы проблемы сегмента', '2020-04-10', NULL, NULL, NULL),
(20, 5, 'ГПС 5', 'Напишите описание гипотезы проблемы сегмента Напишите описание гипотезы проблемы сегмента Напишите описание гипотезы проблемы сегмента Напишите описание гипотезы проблемы сегмента Напишите описание гипотезы проблемы сегмента Напишите описание гипотезы проблемы сегмента Напишите описание гипотезы проблемы сегмента Напишите описание гипотезы проблемы сегмента', '2020-04-10', NULL, NULL, NULL),
(65, 6, 'ГПС 1', 'Напишите описание гипотезы проблемы сегмента Напишите описание гипотезы проблемы сегмента Напишите описание гипотезы проблемы сегмента Напишите описание гипотезы проблемы сегмента Напишите описание гипотезы проблемы сегмента', '2020-04-13', '2020-04-13', '2020-04-13 12:18:42', 1),
(66, 6, 'ГПС 2', 'Напишите описание гипотезы проблемы сегмента Напишите описание гипотезы проблемы сегмента Напишите описание гипотезы проблемы сегмента Напишите описание гипотезы проблемы сегмента', '2020-04-13', NULL, NULL, NULL),
(67, 6, 'ГПС 3', 'Напишите описание гипотезы проблемы сегмента Напишите описание гипотезы проблемы сегмента', '2020-04-13', '2020-04-13', NULL, 0),
(68, 6, 'ГПС 4', 'Напишите описание гипотезы проблемы сегмента', '2020-04-13', NULL, NULL, NULL),
(69, 6, 'ГПС 5', 'Напишите описание гипотезы проблемы сегмента Напишите описание гипотезы проблемы сегмента Напишите описание гипотезы проблемы сегмента Напишите описание гипотезы проблемы сегмента', '2020-04-13', NULL, NULL, NULL),
(70, 8, 'ГПС 1', 'Напишите описание гипотезы проблемы сегмента', '2020-04-14', NULL, NULL, NULL),
(71, 8, 'ГПС 2', 'Напишите описание гипотезы проблемы сегмента', '2020-04-14', '2020-04-14', '2020-04-14 02:03:30', 1),
(72, 8, 'ГПС 3', 'Напишите описание гипотезы проблемы сегмента', '2020-04-14', '2020-04-14', NULL, 0),
(73, 8, 'ГПС 4', 'Напишите описание гипотезы проблемы сегмента', '2020-04-14', '2020-04-14', '2020-04-14 02:04:35', 1),
(74, 8, 'ГПС 5', 'Напишите описание гипотезы проблемы сегмента', '2020-04-14', '2020-04-14', NULL, 0),
(75, 8, 'ГПС 6', 'Напишите описание гипотезы проблемы сегмента', '2020-04-14', NULL, NULL, NULL),
(76, 8, 'ГПС 7', 'Напишите описание гипотезы проблемы сегмента Напишите описание гипотезы проблемы сегмента Напишите описание гипотезы проблемы сегмента Напишите описание гипотезы проблемы сегмента Напишите описание гипотезы проблемы сегмента', '2020-04-14', NULL, NULL, NULL);

-- --------------------------------------------------------

--
-- Структура таблицы `interview`
--

CREATE TABLE `interview` (
  `id` int(11) UNSIGNED NOT NULL,
  `segment_id` int(11) NOT NULL,
  `count_respond` int(11) UNSIGNED NOT NULL,
  `count_positive` int(11) UNSIGNED NOT NULL,
  `greeting_interview` varchar(255) NOT NULL,
  `view_interview` varchar(255) NOT NULL,
  `reason_interview` varchar(255) NOT NULL,
  `question_1` enum('0','1') NOT NULL DEFAULT '1',
  `question_2` enum('0','1') NOT NULL DEFAULT '1',
  `question_3` enum('0','1') NOT NULL DEFAULT '1',
  `question_4` enum('0','1') NOT NULL DEFAULT '1',
  `question_5` enum('0','1') NOT NULL DEFAULT '1',
  `question_6` enum('0','1') NOT NULL DEFAULT '1',
  `question_7` enum('0','1') NOT NULL DEFAULT '1',
  `question_8` enum('0','1') NOT NULL DEFAULT '1'
) ENGINE=InnoDB DEFAULT CHARSET=utf8;

--
-- Дамп данных таблицы `interview`
--

INSERT INTO `interview` (`id`, `segment_id`, `count_respond`, `count_positive`, `greeting_interview`, `view_interview`, `reason_interview`, `question_1`, `question_2`, `question_3`, `question_4`, `question_5`, `question_6`, `question_7`, `question_8`) VALUES
(1, 1, 5, 2, 'Приветствие в начале встречи', 'Представление интервьюера', 'Почему мне интересно', '1', '1', '1', '1', '1', '1', '1', '1'),
(2, 2, 3, 1, 'Приветствие в начале встречи', 'Представление интервьюера', 'Почему мне интересно', '1', '1', '1', '1', '1', '1', '1', '1'),
(3, 5, 2, 1, 'приветствие', 'представление', 'почему', '1', '1', '1', '1', '1', '1', '1', '1'),
(4, 6, 3, 2, 'Приветствие в начале встречи', 'Представление интервьюера', 'Почему мне интересно', '1', '1', '1', '1', '1', '1', '1', '1'),
(5, 9, 3, 3, 'Приветствие в начале встречи', 'Представление интервьюера', 'Почему мне интересно', '1', '1', '1', '1', '1', '1', '1', '1'),
(6, 10, 3, 2, 'Приветствие в начале встречи', 'Представление интервьюера', 'Почему мне интересно', '1', '1', '1', '1', '1', '1', '1', '1'),
(7, 11, 5, 3, 'Приветствие в начале встречи', 'Представление интервьюера', 'Почему мне интересно\r\n', '1', '1', '1', '1', '1', '1', '1', '1'),
(8, 13, 3, 2, 'Приветствие в начале встречи', '\r\nПриветствие в начале встречи\r\n', 'Почему мне интересно', '1', '1', '1', '1', '1', '1', '1', '1');

-- --------------------------------------------------------

--
-- Структура таблицы `mvp`
--

CREATE TABLE `mvp` (
  `id` int(11) UNSIGNED NOT NULL,
  `confirm_gcp_id` int(11) NOT NULL,
  `title` varchar(255) NOT NULL,
  `description` text NOT NULL,
  `date_create` date NOT NULL,
  `date_time_create` datetime DEFAULT NULL,
  `date_confirm` date DEFAULT NULL,
  `date_time_confirm` datetime DEFAULT NULL,
  `exist_confirm` int(11) DEFAULT NULL
) ENGINE=InnoDB DEFAULT CHARSET=utf8;

--
-- Дамп данных таблицы `mvp`
--

INSERT INTO `mvp` (`id`, `confirm_gcp_id`, `title`, `description`, `date_create`, `date_time_create`, `date_confirm`, `date_time_confirm`, `exist_confirm`) VALUES
(1, 1, 'ГMVP 1', 'Макет', '2020-03-06', '2020-03-06 12:30:18', '2020-03-06', '2020-03-06 12:31:06', 1),
(2, 1, 'ГMVP 2', 'Презентация', '2020-03-06', '2020-03-06 12:30:26', '2020-03-23', '2020-03-23 17:09:40', 1),
(3, 3, 'ГMVP 1', 'Макет', '2020-03-07', '2020-03-07 17:18:27', '2020-03-15', NULL, 0),
(4, 3, 'ГMVP 2', 'презентация', '2020-03-07', '2020-03-07 17:18:34', '2020-03-15', '2020-03-15 22:15:39', 1),
(5, 1, 'ГMVP 3', 'Видео', '2020-04-01', '2020-04-01 18:21:31', NULL, NULL, NULL),
(6, 5, 'ГMVP 1', 'Макет', '2020-04-10', '2020-04-10 16:29:24', '2020-04-10', NULL, 0),
(7, 5, 'ГMVP 2', 'Видео', '2020-04-10', '2020-04-10 16:29:33', NULL, NULL, NULL),
(8, 6, 'ГMVP 1', 'Презентация', '2020-04-10', '2020-04-10 18:56:57', '2020-04-10', '2020-04-10 19:12:10', 1),
(9, 6, 'ГMVP 2', 'Видео', '2020-04-10', '2020-04-10 19:53:21', '2020-04-10', '2020-04-10 19:56:09', 1),
(10, 7, 'ГMVP 1', 'Макет', '2020-04-12', '2020-04-12 17:10:34', NULL, NULL, NULL),
(11, 7, 'ГMVP 2', 'Напишите описание гипотезы Minimum Viable Product Напишите описание гипотезы Minimum Viable Product Напишите описание гипотезы Minimum Viable Product Напишите описание гипотезы Minimum Viable Product Напишите описание гипотезы Minimum Viable Product', '2020-04-12', '2020-04-12 17:11:04', '2020-04-12', NULL, 0),
(12, 7, 'ГMVP 3', 'Напишите описание гипотезы Minimum Viable Product Напишите описание гипотезы Minimum Viable Product Напишите описание гипотезы Minimum Viable Product Напишите описание гипотезы Minimum Viable Product Напишите описание гипотезы Minimum Viable Product', '2020-04-12', '2020-04-12 17:23:34', NULL, NULL, NULL),
(13, 6, 'ГMVP 3', 'Напишите описание гипотезы Minimum Viable Product Напишите описание гипотезы Minimum Viable Product Напишите описание гипотезы Minimum Viable Product Напишите описание гипотезы Minimum Viable Product Напишите описание гипотезы Minimum Viable Product', '2020-04-13', '2020-04-13 12:51:49', NULL, NULL, NULL),
(14, 6, 'ГMVP 4', 'Напишите описание гипотезы Minimum Viable Product', '2020-04-13', '2020-04-13 13:21:16', '2020-04-13', NULL, 0),
(15, 6, 'ГMVP 5', 'Напишите описание гипотезы Minimum Viable Product Напишите описание гипотезы Minimum Viable Product Напишите описание гипотезы Minimum Viable Product', '2020-04-13', '2020-04-13 13:21:28', NULL, NULL, NULL),
(16, 6, 'ГMVP 6', 'Напишите описание гипотезы Minimum Viable Product Напишите описание гипотезы Minimum Viable Product Напишите описание гипотезы Minimum Viable Product Напишите описание гипотезы Minimum Viable Product Напишите описание гипотезы Minimum Viable Product', '2020-04-13', '2020-04-13 13:21:48', NULL, NULL, NULL),
(17, 1, 'ГMVP 4', 'Напишите описание гипотезы Minimum Viable Product Напишите описание гипотезы Minimum Viable Product Напишите описание гипотезы Minimum Viable Product', '2020-04-13', '2020-04-13 13:29:54', NULL, NULL, NULL);

-- --------------------------------------------------------

--
-- Структура таблицы `pre_files`
--

CREATE TABLE `pre_files` (
  `id` int(11) NOT NULL,
  `project_id` int(11) NOT NULL,
  `file_name` varchar(255) NOT NULL,
  `server_file` varchar(255) NOT NULL
) ENGINE=InnoDB DEFAULT CHARSET=utf8;

--
-- Дамп данных таблицы `pre_files`
--

INSERT INTO `pre_files` (`id`, `project_id`, `file_name`, `server_file`) VALUES
(2, 1, 'Бизнес требования для сервиса Акселератор.docx', 'iTqi3FHf5E7kbvK.docx'),
(3, 1, 'dogovor_gruppy 2020.doc', '5ACvxtCtTKIe-bd.doc'),
(4, 1, '200220Описание этапов для 1 стр_3.docx', '3nx4DfhbWT6xZDr.docx');

-- --------------------------------------------------------

--
-- Структура таблицы `projects`
--

CREATE TABLE `projects` (
  `id` int(11) UNSIGNED NOT NULL,
  `user_id` int(11) NOT NULL,
  `created_at` date NOT NULL,
  `update_at` date NOT NULL,
  `project_fullname` varchar(255) DEFAULT NULL,
  `project_name` varchar(255) NOT NULL,
  `description` text,
  `rid` varchar(255) DEFAULT NULL,
  `patent_number` varchar(255) DEFAULT NULL,
  `patent_date` int(11) DEFAULT NULL,
  `patent_name` text,
  `core_rid` text,
  `technology` varchar(255) DEFAULT NULL,
  `layout_technology` text,
  `register_name` varchar(255) DEFAULT NULL,
  `register_date` int(11) DEFAULT NULL,
  `site` varchar(255) DEFAULT NULL,
  `invest_name` varchar(255) DEFAULT NULL,
  `invest_date` int(11) DEFAULT NULL,
  `invest_amount` int(11) DEFAULT NULL,
  `date_of_announcement` int(11) DEFAULT NULL,
  `announcement_event` varchar(255) DEFAULT NULL
) ENGINE=InnoDB DEFAULT CHARSET=utf8;

--
-- Дамп данных таблицы `projects`
--

INSERT INTO `projects` (`id`, `user_id`, `created_at`, `update_at`, `project_fullname`, `project_name`, `description`, `rid`, `patent_number`, `patent_date`, `patent_name`, `core_rid`, `technology`, `layout_technology`, `register_name`, `register_date`, `site`, `invest_name`, `invest_date`, `invest_amount`, `date_of_announcement`, `announcement_event`) VALUES
(1, 1, '2020-03-06', '2020-04-14', 'Это достаточно маленький текст, оптимально подходящий для карточек товаров в интернет-магазинах или для небольших информационных публикаций.', 'Проект 1 ( это возможная длина )', 'Описание проекта', 'Результат интеллектуальной деятельности', 'Номер патента 1266349187230918', 1584478800, 'Это достаточно маленький текст, оптимально подходящий для карточек товаров в интернет-магазинах или для небольших информационных публикаций.', 'Суть результата интеллектуальной деятельности', 'Это достаточно маленький текст, оптимально подходящий для карточек товаров в интернет-магазинах или для небольших информационных публикаций.', 'Это достаточно маленький текст, оптимально подходящий для карточек товаров в интернет-магазинах или для небольших информационных публикаций.Это достаточно маленький текст, оптимально подходящий для карточек товаров в интернет-магазинах или для небольших информационных публикаций.', 'Зарегистрированное юр. лицо', 1584392400, 'Адрес сайта', 'Инвестор', 1584219600, 6000000, 1584306000, 'Мероприятие, на котором проект анонсирован впервые'),
(2, 17, '2020-03-30', '2020-04-07', 'Проект первый', 'Проект 1', '', '', '', NULL, '', '', '', '', '', NULL, '', '', NULL, NULL, NULL, ''),
(3, 17, '2020-04-08', '2020-04-08', 'Проект второй', 'Проект 2', '', '', '', NULL, '', '', '', '', '', NULL, '', '', NULL, NULL, NULL, ''),
(4, 1, '2020-04-09', '2020-04-13', '', 'Проект 2 (Иванов)', '', '', '', NULL, '', '', '', '', '', NULL, '', '', NULL, NULL, NULL, '');

-- --------------------------------------------------------

--
-- Структура таблицы `questions`
--

CREATE TABLE `questions` (
  `id` int(11) UNSIGNED NOT NULL,
  `interview_id` int(11) NOT NULL,
  `title` varchar(255) DEFAULT NULL,
  `status` enum('0','1') NOT NULL DEFAULT '1'
) ENGINE=InnoDB DEFAULT CHARSET=utf8;

--
-- Дамп данных таблицы `questions`
--

INSERT INTO `questions` (`id`, `interview_id`, `title`, `status`) VALUES
(1, 1, 'Как и посредством какого инструмента / процесса вы справляетесь с задачей?', '1'),
(2, 1, 'Что нравится / не нравится в текущем положении вещей?', '1'),
(3, 1, 'Вас беспокоит данная ситуация?', '1'),
(4, 1, 'Что вы пытались с этим сделать?', '1'),
(5, 1, 'Что вы делали с этим в последний раз, какие шаги предпринимали?', '1'),
(6, 1, 'Если ничего не делали, то почему?', '1'),
(7, 1, 'Сколько денег / времени на это тратится сейчас?', '1'),
(8, 1, 'Есть ли деньги на решение сложившейся ситуации сейчас?', '1'),
(9, 2, 'Как и посредством какого инструмента / процесса вы справляетесь с задачей?', '1'),
(10, 2, 'Что нравится / не нравится в текущем положении вещей?', '1'),
(11, 2, 'Вас беспокоит данная ситуация?', '1'),
(12, 2, 'Что вы пытались с этим сделать?', '1'),
(13, 2, 'Что вы делали с этим в последний раз, какие шаги предпринимали?', '1'),
(14, 2, 'Если ничего не делали, то почему?', '1'),
(15, 2, 'Сколько денег / времени на это тратится сейчас?', '1'),
(16, 2, 'Есть ли деньги на решение сложившейся ситуации сейчас?', '1'),
(17, 3, 'Как и посредством какого инструмента / процесса вы справляетесь с задачей?', '1'),
(18, 3, 'Что нравится / не нравится в текущем положении вещей?', '1'),
(19, 3, 'Вас беспокоит данная ситуация?', '1'),
(20, 3, 'Что вы пытались с этим сделать?', '1'),
(21, 3, 'Что вы делали с этим в последний раз, какие шаги предпринимали?', '1'),
(22, 3, 'Если ничего не делали, то почему?', '1'),
(23, 3, 'Сколько денег / времени на это тратится сейчас?', '1'),
(24, 3, 'Есть ли деньги на решение сложившейся ситуации сейчас?', '1'),
(25, 4, 'Как и посредством какого инструмента / процесса вы справляетесь с задачей?', '1'),
(26, 4, 'Что нравится / не нравится в текущем положении вещей?', '1'),
(27, 4, 'Вас беспокоит данная ситуация?', '1'),
(28, 4, 'Что вы пытались с этим сделать?', '1'),
(29, 4, 'Что вы делали с этим в последний раз, какие шаги предпринимали?', '1'),
(30, 4, 'Если ничего не делали, то почему?', '1'),
(31, 4, 'Сколько денег / времени на это тратится сейчас?', '1'),
(32, 4, 'Есть ли деньги на решение сложившейся ситуации сейчас?', '1'),
(33, 5, 'Как и посредством какого инструмента / процесса вы справляетесь с задачей?', '1'),
(34, 5, 'Что нравится / не нравится в текущем положении вещей?', '1'),
(35, 5, 'Вас беспокоит данная ситуация?', '1'),
(36, 5, 'Что вы пытались с этим сделать?', '1'),
(37, 5, 'Что вы делали с этим в последний раз, какие шаги предпринимали?', '1'),
(38, 5, 'Если ничего не делали, то почему?', '1'),
(39, 5, 'Сколько денег / времени на это тратится сейчас?', '1'),
(40, 5, 'Есть ли деньги на решение сложившейся ситуации сейчас?', '1'),
(41, 6, 'Как и посредством какого инструмента / процесса вы справляетесь с задачей?', '1'),
(42, 6, 'Что нравится / не нравится в текущем положении вещей?', '1'),
(43, 6, 'Вас беспокоит данная ситуация?', '1'),
(44, 6, 'Что вы пытались с этим сделать?', '1'),
(45, 6, 'Что вы делали с этим в последний раз, какие шаги предпринимали?', '1'),
(46, 6, 'Если ничего не делали, то почему?', '1'),
(47, 6, 'Сколько денег / времени на это тратится сейчас?', '1'),
(48, 6, 'Есть ли деньги на решение сложившейся ситуации сейчас?', '1'),
(49, 7, 'Как и посредством какого инструмента / процесса вы справляетесь с задачей?', '1'),
(50, 7, 'Что нравится / не нравится в текущем положении вещей?', '1'),
(51, 7, 'Вас беспокоит данная ситуация?', '1'),
(52, 7, 'Что вы пытались с этим сделать?', '1'),
(53, 7, 'Что вы делали с этим в последний раз, какие шаги предпринимали?', '1'),
(54, 7, 'Если ничего не делали, то почему?', '1'),
(55, 7, 'Сколько денег / времени на это тратится сейчас?', '1'),
(56, 7, 'Есть ли деньги на решение сложившейся ситуации сейчас?', '1'),
(57, 8, 'Как и посредством какого инструмента / процесса вы справляетесь с задачей?', '1'),
(58, 8, 'Что нравится / не нравится в текущем положении вещей?', '1'),
(59, 8, 'Вас беспокоит данная ситуация?', '1'),
(60, 8, 'Что вы пытались с этим сделать?', '1'),
(61, 8, 'Что вы делали с этим в последний раз, какие шаги предпринимали?', '1'),
(62, 8, 'Если ничего не делали, то почему?', '1'),
(63, 8, 'Сколько денег / времени на это тратится сейчас?', '1'),
(64, 8, 'Есть ли деньги на решение сложившейся ситуации сейчас?', '1');

-- --------------------------------------------------------

--
-- Структура таблицы `responds`
--

CREATE TABLE `responds` (
  `id` int(11) UNSIGNED NOT NULL,
  `interview_id` int(11) NOT NULL,
  `name` varchar(255) NOT NULL,
  `info_respond` varchar(255) DEFAULT NULL,
  `email` varchar(255) DEFAULT NULL,
  `date_plan` int(11) DEFAULT NULL,
  `place_interview` varchar(255) DEFAULT NULL
) ENGINE=InnoDB DEFAULT CHARSET=utf8;

--
-- Дамп данных таблицы `responds`
--

INSERT INTO `responds` (`id`, `interview_id`, `name`, `info_respond`, `email`, `date_plan`, `place_interview`) VALUES
(1, 1, 'Попов Игорь Игоревич', 'Данные респондента', 'popov@mail.com', 1583010000, 'Место проведения Место проведения Место проведения'),
(2, 1, 'Карлов Виктор Иванович', 'Данные респондента', 'karlov@mail.ru', 1583182800, 'Место проведения Место проведения Место проведения'),
(3, 1, 'Никифоров Антон Антонович', 'Данные респондента', 'nikifor@gmail.com', 1583269200, 'Место проведения Место проведения Место проведения'),
(5, 2, 'Попов Игорь Игоревич', 'Данные респондента', 'popov@mail.com', 1584910800, 'Место проведения Место проведения Место проведения'),
(7, 2, 'Карлов Виктор Иванович', 'Данные респондента', 'karlov@mail.ru', 1584651600, 'Место проведения Место проведения Место проведения'),
(10, 1, 'Анютина Анна Николаевна', 'Данные респондента', 'anan@mail.ru', 1584997200, 'Место проведения Место проведения Место проведения'),
(11, 1, 'Васечкин Василий Николаевич', 'Данные респондента', 'vasya@mail.com', 1584910800, 'Место проведения Место проведения Место проведения'),
(13, 2, 'Анютина Анна Николаевна', '', '', NULL, ''),
(14, 3, 'Респондент 1', 'данные', 'res@mail.ru', 1585602000, 'место'),
(15, 3, 'Респондент 2', 'данные', 'r@mail.ru', 1585602000, 'место'),
(16, 4, 'Попов Игорь Игоревич', 'Данные респондента', 'popov@mail.com', 1586206800, 'Место проведения Место проведения Место проведения'),
(17, 4, 'Карлов Виктор Иванович', 'Данные респондента', 'karlov@mail.ru', 1586120400, 'Место проведения Место проведения Место проведения'),
(18, 4, 'Респондент 3', '', '', NULL, ''),
(19, 5, 'Попов Игорь Игоревич', 'Данные респондента', 'popov@mail.com', 1586379600, 'Место проведения Место проведения Место проведения'),
(20, 5, 'Борисов Дмитрий Николаевич', 'Данные респондента', 'borisov@rambler.ru', 1586379600, 'Место проведения Место проведения Место проведения'),
(21, 5, 'Анютина Анна Николаевна', 'Данные респондента', 'anan@mail.ru', 1586379600, 'Место проведения Место проведения Место проведения'),
(22, 6, 'Карлов Виктор Иванович', 'Данные респондента', 'karlov@mail.ru', 1586466000, 'Место проведения Место проведения Место проведения'),
(23, 6, 'Попов Игорь Игоревич', 'Данные респондента', 'popov@mail.com', 1586552400, 'Место проведения Место проведения Место проведения'),
(24, 6, 'Анютина Анна Николаевна', 'Данные респондента', 'anan@mail.ru', 1586379600, 'Место проведения Место проведения Место проведения'),
(25, 7, 'Респондент 1', '', '', NULL, ''),
(26, 7, 'Респондент 2', '', '', NULL, ''),
(27, 7, 'Респондент 3', '', '', NULL, ''),
(28, 7, 'Респондент 4', '', '', NULL, ''),
(29, 7, 'Респондент 5', '', '', NULL, ''),
(30, 8, 'Карлов Виктор Иванович', 'Данные респондента', 'karlov@mail.ru', 1586811600, 'Место проведения Место проведения Место проведения'),
(31, 8, 'Борисов Дмитрий Николаевич', 'Данные респондента', 'borisov@rambler.ru', 1586725200, 'Место проведения Место проведения Место проведения'),
(32, 8, 'Респондент 3', '', '', NULL, '');

-- --------------------------------------------------------

--
-- Структура таблицы `responds_confirm`
--

CREATE TABLE `responds_confirm` (
  `id` int(11) UNSIGNED NOT NULL,
  `confirm_problem_id` int(11) NOT NULL,
  `name` varchar(255) NOT NULL,
  `info_respond` varchar(255) DEFAULT NULL,
  `email` varchar(255) DEFAULT NULL
) ENGINE=InnoDB DEFAULT CHARSET=utf8;

--
-- Дамп данных таблицы `responds_confirm`
--

INSERT INTO `responds_confirm` (`id`, `confirm_problem_id`, `name`, `info_respond`, `email`) VALUES
(1, 1, 'Попов Игорь Игоревич', 'Данные респондента', 'popov@mail.com'),
(2, 1, 'Карлов Виктор Иванович', 'Данные респондента', 'karlov@mail.ru'),
(3, 2, 'Попов Игорь Игоревич', 'Данные респондента', 'popov@mail.com'),
(4, 2, 'Карлов Виктор Иванович', 'Данные респондента', 'karlov@mail.ru'),
(5, 3, 'Попов Игорь Игоревич', 'Данные респондента', 'popov@mail.com'),
(6, 3, 'Карлов Виктор Иванович', 'Данные респондента', 'karlov@mail.ru'),
(7, 4, 'Попов Игорь Игоревич', 'Данные респондента', 'popov@mail.com'),
(8, 4, 'Карлов Виктор Иванович', 'Данные респондента', 'karlov@mail.ru'),
(9, 5, 'Респондент 1', 'данные', 'res@mail.ru'),
(10, 6, 'Респондент 1', 'данные', 'res@mail.ru'),
(11, 7, 'Попов Игорь Игоревич', 'Данные респондента', 'popov@mail.com'),
(12, 7, 'Борисов Дмитрий Николаевич', 'Данные респондента', 'borisov@rambler.ru'),
(13, 7, 'Березина Алла Борисовна', 'Данные респондента', ''),
(14, 7, 'Петров Илья Ильич', 'Данные респондента', ''),
(15, 7, 'Аникин Владимир Владимирович', 'Данные респондента', ''),
(16, 8, 'Попов Игорь Игоревич', 'Данные респондента', 'popov@mail.com'),
(17, 8, 'Борисов Дмитрий Николаевич', 'Данные респондента', 'borisov@rambler.ru'),
(18, 9, 'Попов Игорь Игоревич', 'Данные респондента', 'popov@mail.com'),
(19, 9, 'Борисов Дмитрий Николаевич', 'Данные респондента', 'borisov@rambler.ru'),
(20, 10, 'Попов Игорь Игоревич', 'Данные респондента', 'popov@mail.com'),
(21, 10, 'Борисов Дмитрий Николаевич', 'Данные респондента', 'borisov@rambler.ru'),
(22, 10, 'Анютина Анна Николаевна', 'Данные респондента', 'anan@mail.ru'),
(25, 12, 'Карлов Виктор Иванович', 'Данные респондента', 'karlov@mail.ru'),
(26, 12, 'Анютина Анна Николаевна', 'Данные респондента', 'anan@mail.ru'),
(27, 13, 'Карлов Виктор Иванович', 'Данные респондента', 'karlov@mail.ru'),
(28, 13, 'Анютина Анна Николаевна', 'Данные респондента', 'anan@mail.ru'),
(29, 14, 'Карлов Виктор Иванович', 'Данные респондента', 'karlov@mail.ru'),
(30, 14, 'Анютина Анна Николаевна', 'Данные респондента', 'anan@mail.ru'),
(31, 15, 'Карлов Виктор Иванович', 'Данные респондента', 'karlov@mail.ru'),
(32, 15, 'Анютина Анна Николаевна', 'Данные респондента', 'anan@mail.ru'),
(33, 16, 'Попов Игорь Игоревич', 'Данные респондента', 'popov@mail.com'),
(34, 17, 'Попов Игорь Игоревич', 'Данные респондента', 'popov@mail.com'),
(35, 18, 'Попов Игорь Игоревич', 'Данные респондента', 'popov@mail.com'),
(36, 19, 'Карлов Виктор Иванович', 'Данные респондента', 'karlov@mail.ru'),
(37, 19, 'Борисов Дмитрий Николаевич', 'Данные респондента', 'borisov@rambler.ru'),
(38, 20, 'Карлов Виктор Иванович', 'Данные респондента', 'karlov@mail.ru'),
(39, 20, 'Борисов Дмитрий Николаевич', 'Данные респондента', 'borisov@rambler.ru'),
(40, 21, 'Карлов Виктор Иванович', 'Данные респондента', 'karlov@mail.ru'),
(41, 21, 'Борисов Дмитрий Николаевич', 'Данные респондента', 'borisov@rambler.ru'),
(42, 22, 'Карлов Виктор Иванович', 'Данные респондента', 'karlov@mail.ru'),
(43, 22, 'Борисов Дмитрий Николаевич', 'Данные респондента', 'borisov@rambler.ru'),
(44, 23, 'Карлов Виктор Иванович', 'Данные респондента', 'karlov@mail.ru'),
(45, 23, 'Борисов Дмитрий Николаевич', 'Данные респондента', 'borisov@rambler.ru'),
(46, 24, 'Карлов Виктор Иванович', 'Данные респондента', 'karlov@mail.ru'),
(47, 24, 'Борисов Дмитрий Николаевич', 'Данные респондента', 'borisov@rambler.ru');

-- --------------------------------------------------------

--
-- Структура таблицы `responds_gcp`
--

CREATE TABLE `responds_gcp` (
  `id` int(11) UNSIGNED NOT NULL,
  `confirm_gcp_id` int(11) NOT NULL,
  `name` varchar(255) NOT NULL,
  `info_respond` varchar(255) DEFAULT NULL,
  `email` varchar(255) DEFAULT NULL
) ENGINE=InnoDB DEFAULT CHARSET=utf8;

--
-- Дамп данных таблицы `responds_gcp`
--

INSERT INTO `responds_gcp` (`id`, `confirm_gcp_id`, `name`, `info_respond`, `email`) VALUES
(1, 1, 'Попов Игорь Игоревич', 'Данные респондента', 'popov@mail.com'),
(2, 1, 'Карлов Виктор Иванович', 'Данные респондента', 'karlov@mail.ru'),
(3, 2, 'Попов Игорь Игоревич', 'Данные респондента', 'popov@mail.com'),
(4, 3, 'Попов Игорь Игоревич', 'Данные респондента', 'popov@mail.com'),
(5, 4, 'Попов Игорь Игоревич', 'Данные респондента', 'popov@mail.com'),
(6, 5, 'Попов Игорь Игоревич', 'Данные респондента', 'popov@mail.com'),
(7, 5, 'Борисов Дмитрий Николаевич', 'Данные респондента', 'borisov@rambler.ru'),
(8, 5, 'Березина Алла Борисовна', 'Данные респондента', ''),
(9, 5, 'Аникин Владимир Владимирович', 'Данные респондента', ''),
(10, 6, 'Попов Игорь Игоревич', 'Данные респондента', 'popov@mail.com'),
(11, 6, 'Борисов Дмитрий Николаевич', 'Данные респондента', 'borisov@rambler.ru'),
(12, 7, 'Карлов Виктор Иванович', 'Данные респондента', 'karlov@mail.ru'),
(13, 7, 'Анютина Анна Николаевна', 'Данные респондента', 'anan@mail.ru'),
(14, 8, 'Карлов Виктор Иванович', 'Данные респондента', 'karlov@mail.ru'),
(15, 8, 'Анютина Анна Николаевна', 'Данные респондента', 'anan@mail.ru');

-- --------------------------------------------------------

--
-- Структура таблицы `responds_mvp`
--

CREATE TABLE `responds_mvp` (
  `id` int(11) UNSIGNED NOT NULL,
  `confirm_mvp_id` int(11) NOT NULL,
  `name` varchar(255) NOT NULL,
  `info_respond` varchar(255) NOT NULL,
  `email` varchar(255) NOT NULL
) ENGINE=InnoDB DEFAULT CHARSET=utf8;

--
-- Дамп данных таблицы `responds_mvp`
--

INSERT INTO `responds_mvp` (`id`, `confirm_mvp_id`, `name`, `info_respond`, `email`) VALUES
(1, 1, 'Попов Игорь Игоревич', 'Данные респондента', 'popov@mail.com'),
(2, 1, 'Карлов Виктор Иванович', 'Данные респондента', 'karlov@mail.ru'),
(3, 2, 'Попов Игорь Игоревич', 'Данные респондента', 'popov@mail.com'),
(4, 3, 'Попов Игорь Игоревич', 'Данные респондента', 'popov@mail.com'),
(5, 4, 'Попов Игорь Игоревич', 'Данные респондента', 'popov@mail.com'),
(6, 4, 'Карлов Виктор Иванович', 'Данные респондента', 'karlov@mail.ru'),
(7, 5, 'Попов Игорь Игоревич', 'Данные респондента', 'popov@mail.com'),
(8, 5, 'Карлов Виктор Иванович', 'Данные респондента', 'karlov@mail.ru'),
(9, 6, 'Попов Игорь Игоревич', 'Данные респондента', 'popov@mail.com'),
(10, 6, 'Борисов Дмитрий Николаевич', 'Данные респондента', 'borisov@rambler.ru'),
(11, 6, 'Березина Алла Борисовна', 'Данные респондента', ''),
(12, 7, 'Попов Игорь Игоревич', 'Данные респондента', 'popov@mail.com'),
(13, 7, 'Борисов Дмитрий Николаевич', 'Данные респондента', 'borisov@rambler.ru'),
(14, 7, 'Антонов Игорь Николаевич', 'Данные респондента', ''),
(15, 8, 'Попов Игорь Игоревич', 'Данные респондента', 'popov@mail.com'),
(16, 8, 'Борисов Дмитрий Николаевич', 'Данные респондента', 'borisov@rambler.ru'),
(17, 8, 'Карлов Виктор Викторович', 'Данные респондента', ''),
(18, 9, 'Карлов Виктор Иванович', 'Данные респондента', 'karlov@mail.ru'),
(19, 9, 'Анютина Анна Николаевна', 'Данные респондента', 'anan@mail.ru'),
(20, 10, 'Карлов Виктор Иванович', 'Данные респондента', 'karlov@mail.ru'),
(21, 10, 'Анютина Анна Николаевна', 'Данные респондента', 'anan@mail.ru'),
(22, 11, 'Попов Игорь Игоревич', 'Данные респондента', 'popov@mail.com'),
(23, 11, 'Борисов Дмитрий Николаевич', 'Данные респондента', 'borisov@rambler.ru'),
(24, 12, 'Попов Игорь Игоревич', 'Данные респондента', 'popov@mail.com'),
(25, 12, 'Борисов Дмитрий Николаевич', 'Данные респондента', 'borisov@rambler.ru');

-- --------------------------------------------------------

--
-- Структура таблицы `segments`
--

CREATE TABLE `segments` (
  `id` int(11) UNSIGNED NOT NULL,
  `project_id` int(11) NOT NULL,
  `name` varchar(255) NOT NULL,
  `field_of_activity` varchar(255) DEFAULT NULL,
  `sort_of_activity` varchar(255) DEFAULT NULL,
  `age_from` int(11) DEFAULT NULL,
  `age_to` int(11) DEFAULT NULL,
  `income_from` int(11) DEFAULT NULL,
  `income_to` int(11) DEFAULT NULL,
  `quantity_from` int(11) DEFAULT NULL,
  `quantity_to` int(11) DEFAULT NULL,
  `market_volume_from` int(11) DEFAULT NULL,
  `market_volume_to` int(11) DEFAULT NULL,
  `add_info` text,
  `creat_date` date DEFAULT NULL,
  `plan_gps` date DEFAULT NULL,
  `fact_gps` date DEFAULT NULL,
  `plan_ps` date DEFAULT NULL,
  `fact_ps` date DEFAULT NULL,
  `plan_dev_gcp` date DEFAULT NULL,
  `fact_dev_gcp` date DEFAULT NULL,
  `plan_gcp` date DEFAULT NULL,
  `fact_gcp` date DEFAULT NULL,
  `plan_dev_gmvp` date DEFAULT NULL,
  `fact_dev_gmvp` date DEFAULT NULL,
  `plan_gmvp` date DEFAULT NULL,
  `fact_gmvp` date DEFAULT NULL
) ENGINE=InnoDB DEFAULT CHARSET=utf8;

--
-- Дамп данных таблицы `segments`
--

INSERT INTO `segments` (`id`, `project_id`, `name`, `field_of_activity`, `sort_of_activity`, `age_from`, `age_to`, `income_from`, `income_to`, `quantity_from`, `quantity_to`, `market_volume_from`, `market_volume_to`, `add_info`, `creat_date`, `plan_gps`, `fact_gps`, `plan_ps`, `fact_ps`, `plan_dev_gcp`, `fact_dev_gcp`, `plan_gcp`, `fact_gcp`, `plan_dev_gmvp`, `fact_dev_gmvp`, `plan_gmvp`, `fact_gmvp`) VALUES
(1, 1, 'Сегмент 1 (это max возможная длина для названия)', 'Сфера деятельности потребителя', 'Род деятельности потребителя для сегмента 1', 43, 100, 6861, 10000, 569444, 1000000, 55556, 100000, '', '2020-03-06', '2020-04-05', '2020-03-25', '2020-05-05', '2020-03-06', '2020-06-04', '2020-03-16', '2020-07-04', '2020-03-06', '2020-08-03', '2020-04-13', '2020-09-02', '2020-03-06'),
(2, 1, 'Сегмент 2', 'Сфера деятельности потребителя', 'Род деятельности потребителя', 22, 39, 379, 805, 202, 328, 193, 463, '', '2020-03-16', '2020-04-15', '2020-03-25', '2020-05-15', NULL, '2020-06-14', NULL, '2020-07-14', NULL, '2020-08-13', NULL, '2020-09-12', NULL),
(5, 1, 'Сегмент 3', 'Сфера деятельности потребителя', 'Род деятельности потребителя', 31, 49, 972, 2778, 533333, 755555, 11667, 44444, 'Дополнительная информация', '2020-03-29', '2020-04-28', '2020-03-31', '2020-05-28', '2020-03-31', '2020-06-27', NULL, '2020-07-27', NULL, '2020-08-26', NULL, '2020-09-25', NULL),
(6, 2, 'Сегмент 1', 'Сфера деятельности потребителя', 'Род деятельности потребителя', 35, 77, 917, 5000, 172222, 300000, 24028, 51806, '', '2020-04-07', '2020-05-07', NULL, '2020-06-06', NULL, '2020-07-06', NULL, '2020-08-05', NULL, '2020-09-04', NULL, '2020-10-04', NULL),
(7, 3, 'Сегмент 1', '', '', NULL, NULL, NULL, NULL, NULL, NULL, NULL, NULL, '', NULL, NULL, NULL, NULL, NULL, NULL, NULL, NULL, NULL, NULL, NULL, NULL, NULL),
(8, 2, 'Сегмент 2', '', '', NULL, NULL, NULL, NULL, NULL, NULL, NULL, NULL, '', NULL, NULL, NULL, NULL, NULL, NULL, NULL, NULL, NULL, NULL, NULL, NULL, NULL),
(9, 4, 'Сегмент 1 (это max возможная длина для названия)', 'Сфера деятельности потребителя Сфера деятельности потребителя Сфера деятельности потребителя', 'Род деятельности потребителя Род деятельности потребителя Род деятельности потребителя', 27, 55, 2014, 8264, 165278, 219466, 12083, 59028, '', '2020-04-10', '2020-05-10', '2020-04-10', '2020-06-09', '2020-04-10', '2020-07-09', '2020-04-10', '2020-08-08', '2020-04-10', '2020-09-07', '2020-04-13', '2020-10-07', '2020-04-10'),
(10, 4, 'Сегмент 2', 'Сфера деятельности потребителя', 'Род деятельности потребителя', 19, 36, 5444, 6722, 69444, 294444, 6389, 16944, '', '2020-04-11', '2020-05-11', '2020-04-13', '2020-06-10', '2020-04-13', '2020-07-10', NULL, '2020-08-09', NULL, '2020-09-08', NULL, '2020-10-08', NULL),
(11, 4, 'Сегмент 3', 'Сфера деятельности потребителя', 'Род деятельности потребителя', 26, 67, 2542, 5028, 156944, 684722, 50972, 68889, '', '2020-04-11', '2020-05-11', NULL, '2020-06-10', NULL, '2020-07-10', NULL, '2020-08-09', NULL, '2020-09-08', NULL, '2020-10-08', NULL),
(12, 4, 'Сегмент 4', '', '', 18, 52, 1014, 6208, 170833, 440278, 85972, 100000, '', NULL, NULL, NULL, NULL, NULL, NULL, NULL, NULL, NULL, NULL, NULL, NULL, NULL),
(13, 1, 'Сегмент 4', 'Сфера деятельности потребителя', 'Род деятельности потребителя', 35, 74, 1625, 6514, 341852, 484722, 30694, 53472, '', '2020-04-14', '2020-05-14', NULL, '2020-06-13', NULL, '2020-07-13', NULL, '2020-08-12', NULL, '2020-09-11', NULL, '2020-10-11', NULL);

-- --------------------------------------------------------

--
-- Структура таблицы `user`
--

CREATE TABLE `user` (
  `id` int(11) UNSIGNED NOT NULL,
  `second_name` varchar(255) NOT NULL,
  `first_name` varchar(255) NOT NULL,
  `middle_name` varchar(255) NOT NULL,
  `telephone` varchar(255) DEFAULT NULL,
  `email` varchar(255) NOT NULL,
  `username` varchar(255) NOT NULL,
  `password_hash` varchar(255) NOT NULL,
  `avatar_image` varchar(255) NOT NULL,
  `auth_key` varchar(255) DEFAULT NULL,
  `secret_key` varchar(255) DEFAULT NULL,
  `role` int(11) NOT NULL,
  `status` smallint(6) NOT NULL,
  `created_at` int(11) NOT NULL,
  `updated_at` int(11) NOT NULL
) ENGINE=InnoDB DEFAULT CHARSET=utf8;

--
-- Дамп данных таблицы `user`
--

INSERT INTO `user` (`id`, `second_name`, `first_name`, `middle_name`, `telephone`, `email`, `username`, `password_hash`, `avatar_image`, `auth_key`, `secret_key`, `role`, `status`, `created_at`, `updated_at`) VALUES
(1, 'Иванов', 'Иван', 'Иванович', '+7(999)999-99-99', 'ivanov@mail.com', 'IvanoV', '$2y$13$zndk8lQ0OmizfSRa1xkUwuAikBaPngYMVt0cIypNdMxechCXJBLYK', '/images/avatar/default.jpg', '32hRL8j7MkkANX9mIy7vYPhsxBuO5JD8', NULL, 10, 10, 1582408272, 1586783816),
(8, 'Латухин', 'Алексей', 'Валерьевич', '+7(999)99-99-99', 'aleksejj.latukhin@rambler.ru', 'Latukhin', '$2y$13$DyNrlhl6Ow4FqdkWmsNdMuoQY4GHgtNXTtsao9TK7t3aAmLMpQk4i', '/images/avatar/default.jpg', 'IJn3g83GXf9aCWjZFelkBj3DaVP8Ixcf', NULL, 10, 10, 1583760631, 1586201786),
(9, 'Карпов', 'Антон', 'Петрович', '+7(999)99-99-99', 'karpov@mail.com', 'karpov', '$2y$13$aDvsycNgzvtoTq7.fLGI7ekA.HLbR93pCudDUsidh.qEl.fwf7xBG', '/images/avatar/default.jpg', '8ttyGMNTTQgVTM-5vPftdvK1Y7LVLkM1', NULL, 10, 1, 1583859778, 1586201000),
(15, 'Петров', 'Петр', 'Петрович', '2202020', 'admin@mail.com', 'admin', '$2y$13$5HyycaZK8e4Ot2vt03BJQeiAzb.88.TJz35ZII//NUFrSXGf3Edh2', '/images/avatar/default.jpg', 'pbtKFUaH9JG813KH8lvQEwU9gtHT7UKG', NULL, 20, 10, 1585211641, 1585211641),
(16, 'Порошин', 'Виктор', 'Николаевич', '+7(999)99-99-99', 'viktor@mail.ru', 'Viktor', '$2y$13$EU.K51p/fg4CbVtmMG/zHeimVSxiY5VE7YTrToUKCzuBBymYoBtk2', '/images/avatar/default.jpg', '9iGl39KVGbXS2DNazKaS4cgjbDwrBybF', NULL, 10, 0, 1585414934, 1585414934),
(17, 'Пилюлькин', 'Никита', 'Викторович', '+7(999)99-99-99', 'pelul@yandex.ru', 'pelul', '$2y$13$vZnPF4FEwHmoh8aFjoa40OZi1AQPvU54smLh2GMrwTTWjwwlcMOp2', '/images/avatar/default.jpg', 'Hjm7c42ahKHZDozzGmxq4Mfm261jDtke', NULL, 10, 10, 1585415071, 1586525113),
(20, 'Володин', 'Никита', 'Николаевич', '+7(999)99-99-99', 'volodin@mail.com', 'volodin', '$2y$13$/c0kma70hIirOcZ0LACcUOo1TKlDV/Y0cCqfp.n4/SCFK3hWzhVC.', '/images/avatar/default.jpg', '16RFMg_LQhtq-qRlo1VuOCGTzspTpyBB', NULL, 10, 1, 1586215014, 1586610762),
(21, 'Дибров', 'Дмитрий', 'Владимирович', '+7(999)999-99-99', 'dibrov@mail.ru', 'Dibrov', '$2y$13$0xTM.j.L.JYRWgxMWxvkp.m0HFGIXkqtdKA0MlnJ8iBLpwYqhQYWK', '/images/avatar/default.jpg', 'wd9PcB_fY8b_L_W9Rjdp3hxteBd0OQyy', NULL, 10, 10, 1586614816, 1586614879);

--
-- Индексы сохранённых таблиц
--

--
-- Индексы таблицы `authors`
--
ALTER TABLE `authors`
  ADD PRIMARY KEY (`id`),
  ADD KEY `project_id` (`project_id`);

--
-- Индексы таблицы `business_model`
--
ALTER TABLE `business_model`
  ADD PRIMARY KEY (`id`);

--
-- Индексы таблицы `confirm_gcp`
--
ALTER TABLE `confirm_gcp`
  ADD PRIMARY KEY (`id`);

--
-- Индексы таблицы `confirm_mvp`
--
ALTER TABLE `confirm_mvp`
  ADD PRIMARY KEY (`id`);

--
-- Индексы таблицы `confirm_problem`
--
ALTER TABLE `confirm_problem`
  ADD PRIMARY KEY (`id`);

--
-- Индексы таблицы `desc_interview`
--
ALTER TABLE `desc_interview`
  ADD PRIMARY KEY (`id`);

--
-- Индексы таблицы `desc_interview_confirm`
--
ALTER TABLE `desc_interview_confirm`
  ADD PRIMARY KEY (`id`);

--
-- Индексы таблицы `desc_interview_gcp`
--
ALTER TABLE `desc_interview_gcp`
  ADD PRIMARY KEY (`id`);

--
-- Индексы таблицы `desc_interview_mvp`
--
ALTER TABLE `desc_interview_mvp`
  ADD PRIMARY KEY (`id`);

--
-- Индексы таблицы `feedback_expert`
--
ALTER TABLE `feedback_expert`
  ADD PRIMARY KEY (`id`);

--
-- Индексы таблицы `feedback_expert_confirm`
--
ALTER TABLE `feedback_expert_confirm`
  ADD PRIMARY KEY (`id`);

--
-- Индексы таблицы `feedback_expert_gcp`
--
ALTER TABLE `feedback_expert_gcp`
  ADD PRIMARY KEY (`id`);

--
-- Индексы таблицы `feedback_expert_mvp`
--
ALTER TABLE `feedback_expert_mvp`
  ADD PRIMARY KEY (`id`);

--
-- Индексы таблицы `gcp`
--
ALTER TABLE `gcp`
  ADD PRIMARY KEY (`id`);

--
-- Индексы таблицы `generation_problem`
--
ALTER TABLE `generation_problem`
  ADD PRIMARY KEY (`id`);

--
-- Индексы таблицы `interview`
--
ALTER TABLE `interview`
  ADD PRIMARY KEY (`id`);

--
-- Индексы таблицы `mvp`
--
ALTER TABLE `mvp`
  ADD PRIMARY KEY (`id`);

--
-- Индексы таблицы `pre_files`
--
ALTER TABLE `pre_files`
  ADD PRIMARY KEY (`id`);

--
-- Индексы таблицы `projects`
--
ALTER TABLE `projects`
  ADD PRIMARY KEY (`id`);

--
-- Индексы таблицы `questions`
--
ALTER TABLE `questions`
  ADD PRIMARY KEY (`id`);

--
-- Индексы таблицы `responds`
--
ALTER TABLE `responds`
  ADD PRIMARY KEY (`id`);

--
-- Индексы таблицы `responds_confirm`
--
ALTER TABLE `responds_confirm`
  ADD PRIMARY KEY (`id`);

--
-- Индексы таблицы `responds_gcp`
--
ALTER TABLE `responds_gcp`
  ADD PRIMARY KEY (`id`);

--
-- Индексы таблицы `responds_mvp`
--
ALTER TABLE `responds_mvp`
  ADD PRIMARY KEY (`id`);

--
-- Индексы таблицы `segments`
--
ALTER TABLE `segments`
  ADD PRIMARY KEY (`id`);

--
-- Индексы таблицы `user`
--
ALTER TABLE `user`
  ADD PRIMARY KEY (`id`),
  ADD UNIQUE KEY `username` (`username`);

--
-- AUTO_INCREMENT для сохранённых таблиц
--

--
-- AUTO_INCREMENT для таблицы `authors`
--
ALTER TABLE `authors`
  MODIFY `id` int(11) UNSIGNED NOT NULL AUTO_INCREMENT, AUTO_INCREMENT=5;

--
-- AUTO_INCREMENT для таблицы `business_model`
--
ALTER TABLE `business_model`
  MODIFY `id` int(11) UNSIGNED NOT NULL AUTO_INCREMENT, AUTO_INCREMENT=5;

--
-- AUTO_INCREMENT для таблицы `confirm_gcp`
--
ALTER TABLE `confirm_gcp`
  MODIFY `id` int(11) UNSIGNED NOT NULL AUTO_INCREMENT, AUTO_INCREMENT=9;

--
-- AUTO_INCREMENT для таблицы `confirm_mvp`
--
ALTER TABLE `confirm_mvp`
  MODIFY `id` int(11) UNSIGNED NOT NULL AUTO_INCREMENT, AUTO_INCREMENT=13;

--
-- AUTO_INCREMENT для таблицы `confirm_problem`
--
ALTER TABLE `confirm_problem`
  MODIFY `id` int(11) UNSIGNED NOT NULL AUTO_INCREMENT, AUTO_INCREMENT=25;

--
-- AUTO_INCREMENT для таблицы `desc_interview`
--
ALTER TABLE `desc_interview`
  MODIFY `id` int(11) UNSIGNED NOT NULL AUTO_INCREMENT, AUTO_INCREMENT=19;

--
-- AUTO_INCREMENT для таблицы `desc_interview_confirm`
--
ALTER TABLE `desc_interview_confirm`
  MODIFY `id` int(11) UNSIGNED NOT NULL AUTO_INCREMENT, AUTO_INCREMENT=19;

--
-- AUTO_INCREMENT для таблицы `desc_interview_gcp`
--
ALTER TABLE `desc_interview_gcp`
  MODIFY `id` int(11) UNSIGNED NOT NULL AUTO_INCREMENT, AUTO_INCREMENT=12;

--
-- AUTO_INCREMENT для таблицы `desc_interview_mvp`
--
ALTER TABLE `desc_interview_mvp`
  MODIFY `id` int(11) UNSIGNED NOT NULL AUTO_INCREMENT, AUTO_INCREMENT=14;

--
-- AUTO_INCREMENT для таблицы `feedback_expert`
--
ALTER TABLE `feedback_expert`
  MODIFY `id` int(11) UNSIGNED NOT NULL AUTO_INCREMENT, AUTO_INCREMENT=19;

--
-- AUTO_INCREMENT для таблицы `feedback_expert_confirm`
--
ALTER TABLE `feedback_expert_confirm`
  MODIFY `id` int(11) UNSIGNED NOT NULL AUTO_INCREMENT, AUTO_INCREMENT=2;

--
-- AUTO_INCREMENT для таблицы `feedback_expert_gcp`
--
ALTER TABLE `feedback_expert_gcp`
  MODIFY `id` int(11) UNSIGNED NOT NULL AUTO_INCREMENT, AUTO_INCREMENT=2;

--
-- AUTO_INCREMENT для таблицы `feedback_expert_mvp`
--
ALTER TABLE `feedback_expert_mvp`
  MODIFY `id` int(11) UNSIGNED NOT NULL AUTO_INCREMENT, AUTO_INCREMENT=2;

--
-- AUTO_INCREMENT для таблицы `gcp`
--
ALTER TABLE `gcp`
  MODIFY `id` int(11) UNSIGNED NOT NULL AUTO_INCREMENT, AUTO_INCREMENT=14;

--
-- AUTO_INCREMENT для таблицы `generation_problem`
--
ALTER TABLE `generation_problem`
  MODIFY `id` int(11) UNSIGNED NOT NULL AUTO_INCREMENT, AUTO_INCREMENT=77;

--
-- AUTO_INCREMENT для таблицы `interview`
--
ALTER TABLE `interview`
  MODIFY `id` int(11) UNSIGNED NOT NULL AUTO_INCREMENT, AUTO_INCREMENT=9;

--
-- AUTO_INCREMENT для таблицы `mvp`
--
ALTER TABLE `mvp`
  MODIFY `id` int(11) UNSIGNED NOT NULL AUTO_INCREMENT, AUTO_INCREMENT=18;

--
-- AUTO_INCREMENT для таблицы `pre_files`
--
ALTER TABLE `pre_files`
  MODIFY `id` int(11) NOT NULL AUTO_INCREMENT, AUTO_INCREMENT=5;

--
-- AUTO_INCREMENT для таблицы `projects`
--
ALTER TABLE `projects`
  MODIFY `id` int(11) UNSIGNED NOT NULL AUTO_INCREMENT, AUTO_INCREMENT=5;

--
-- AUTO_INCREMENT для таблицы `questions`
--
ALTER TABLE `questions`
  MODIFY `id` int(11) UNSIGNED NOT NULL AUTO_INCREMENT, AUTO_INCREMENT=65;

--
-- AUTO_INCREMENT для таблицы `responds`
--
ALTER TABLE `responds`
  MODIFY `id` int(11) UNSIGNED NOT NULL AUTO_INCREMENT, AUTO_INCREMENT=33;

--
-- AUTO_INCREMENT для таблицы `responds_confirm`
--
ALTER TABLE `responds_confirm`
  MODIFY `id` int(11) UNSIGNED NOT NULL AUTO_INCREMENT, AUTO_INCREMENT=48;

--
-- AUTO_INCREMENT для таблицы `responds_gcp`
--
ALTER TABLE `responds_gcp`
  MODIFY `id` int(11) UNSIGNED NOT NULL AUTO_INCREMENT, AUTO_INCREMENT=16;

--
-- AUTO_INCREMENT для таблицы `responds_mvp`
--
ALTER TABLE `responds_mvp`
  MODIFY `id` int(11) UNSIGNED NOT NULL AUTO_INCREMENT, AUTO_INCREMENT=26;

--
-- AUTO_INCREMENT для таблицы `segments`
--
ALTER TABLE `segments`
  MODIFY `id` int(11) UNSIGNED NOT NULL AUTO_INCREMENT, AUTO_INCREMENT=14;

--
-- AUTO_INCREMENT для таблицы `user`
--
ALTER TABLE `user`
  MODIFY `id` int(11) UNSIGNED NOT NULL AUTO_INCREMENT, AUTO_INCREMENT=22;
COMMIT;

/*!40101 SET CHARACTER_SET_CLIENT=@OLD_CHARACTER_SET_CLIENT */;
/*!40101 SET CHARACTER_SET_RESULTS=@OLD_CHARACTER_SET_RESULTS */;
/*!40101 SET COLLATION_CONNECTION=@OLD_COLLATION_CONNECTION */;
